<application>
  <component name="ProjectJdkTable">
    <jdk version="2">
      <name value="Erlang 18" />
      <type value="Erlang SDK" />
      <version value="Erlang/OTP 20 [erts-9.0]" />
      <homePath value="/usr/local/lib/erlang" />
      <roots>
        <annotationsPath>
          <root type="composite" />
        </annotationsPath>
        <classPath>
          <root type="composite">
            <root url="file:///usr/local/lib/erlang/lib" type="simple" />
          </root>
        </classPath>
        <javadocPath>
          <root type="composite" />
        </javadocPath>
        <sourcePath>
          <root type="composite">
            <root url="file:///usr/local/lib/erlang/lib" type="simple" />
          </root>
        </sourcePath>
      </roots>
      <additional />
    </jdk>
  </component>
</application>